tháng,16
trung,14
đến,14
năm,12
bình,11
và,10
có,10
từ,9
hơn,8
độ,8
miền,8
nhiệt,6
6,6
nhiều,5
báo,5
dự,5
8,5
sẽ,5
bắc,5
nóng,5
bộ,4
mưa,4
c,4
ngày,4
thiếu,4
xu,4
lượng,4
bão,4
hướng,4
cuối,4
el,4
khoảng,4
các,4
nay,4
trên,4
ở,4
nước,4
nino,4
cơn,3
thấp,3
đầu,3
xấp,3
khả,3
của,3
năng,3
nam,3
trong,3
hiện,3
thái,3
hè,3
với,3
dài,3
xỉ,3
do,3
nắng,3
gay,3
gắt,3
vực,2
biển,2
cho,2
tính,2
tượng,2
đó,2
mặt,2
thủy,2
2022,2
lâm,2
tâm,2
tác,2
về,2
ông,2
dương,2
động,2
kéo,2
thuận,2
nhận,2
xuất,2
cũng,2
10,2
quảng,2
sông,2
hạn,2
nguyên,2
tây,2
so,2
hụt,2
chảy,2
39,2
mỗi,2
ít,2
67,2
áp,2
thể,2
đới,2
cao,2
thường,1
riêng,1
57,1
tăng,1
dần,1
35,1
pha,1
nghiêng,1
đợt,1
một,1
tới,1
trì,1
7,1
khu,1
141,1
ảnh,1
những,1
hòa,1
sơn,1
la,1
đã,1
ghi,1
đông,1
mức,1
38,1
sau,1
điểm,1
là,1
duy,1
enso,1
bề,1
nói,1
gió,1
37,1
đều,1
đặc,1
biệt,1
trở,1
lên,1
không,1
dứt,1
kỳ,1
chu,1
định,1
nên,1
56,1
số,1
đổi,1
cường,1
biến,1
sự,1
trạng,1
biết,1
giai,1
đoạn,1
20202022,1
cả,1
gia,1
hai,1
khí,1
3,1
hưởng,1
ra,1
mùa,1
chính,1
như,1
việt,1
chỉ,1
giữa,1
quốc,1
chủ,1
yếu,1
văn,1
to,1
vào,1
5,1
lại,1
46,1
hết,1
sang,1
9,1
phó,1
hán,1
giám,1
tổng,1
tạp,1
đốc,1
2024,1
phức,1
ninh,1
trị,1
an,1
gâm,1
1213,1
tiếp,1
trực,1
vụ,1
dòng,1
phúc,1
hoàng,1
hồ,1
chứa,1
lớn,1
lưu,1
đà,1
1030,1
nghệ,1
4,1
lũ,1
xảy,1
khô,1
cục,1
ngoài,1
vùng,1
cấp,1
công,1
trình,1
lợi,1
tại,1
chiều,1
